ID,DATEKEY,TRANSACTION_ID,CUSTOMER_ID,STORE_ID,PROMOTION_ID,CATEGORY_ID,PRODUCT_ID,TRANSACTION_TIME,QUANTITY,TOTAL_AMOUNT,TIME_HOUR
1,20230101,1001,1,1,1,1,10101,10:15:00,2,7,10
2,20230101,1001,1,1,1,1,10201,10:15:00,1,2.5,10
3,20230102,1002,2,2,2,1,10202,14:30:00,1,3,14
4,20230102,1002,2,2,2,1,10104,14:30:00,1,2.5,14
5,20230103,1003,3,3,3,2,20101,11:45:00,1,999,11
6,20230103,1003,3,3,3,2,20301,11:45:00,1,249,11
7,20230104,1004,4,4,4,2,20201,16:00:00,1,999,16
8,20230104,1004,4,4,4,2,20302,16:00:00,1,349,16
9,20230105,1005,5,5,5,3,30101,12:30:00,1,19.99,12
10,20230105,1005,5,5,5,3,30102,12:30:00,1,49.99,12
11,20230106,1006,6,1,6,3,30203,13:45:00,1,59.99,13
12,20230106,1006,6,1,6,3,30204,13:45:00,1,79.99,13
13,20230107,1007,7,2,7,3,30301,15:00:00,1,14.99,15
14,20230107,1007,7,2,7,3,30302,15:00:00,1,24.99,15
15,20230108,1008,8,3,8,3,30401,10:00:00,1,79.99,10
16,20230108,1008,8,3,8,3,30402,10:00:00,1,69.99,10
17,20230109,1009,9,4,9,4,40401,11:15:00,1,79.99,11
18,20230109,1009,9,4,9,4,40404,11:15:00,1,49.99,11
19,20230110,1010,10,5,10,4,40102,14:30:00,1,499.99,14
20,20230110,1010,10,5,10,4,40104,14:30:00,1,149.99,14
21,20230111,1011,11,1,1,1,10101,09:00:00,1,3.5,9
22,20230111,1011,11,1,1,1,10103,09:00:00,2,3,9
23,20230112,1012,12,2,2,1,10201,10:30:00,1,2.5,10
24,20230112,1012,12,2,2,1,10202,10:30:00,1,3,10
25,20230113,1013,13,3,3,2,20101,12:45:00,1,999,12
26,20230113,1013,13,3,3,2,20301,12:45:00,1,249,12
27,20230114,1014,14,4,4,2,20201,15:00:00,1,999,15
28,20230114,1014,14,4,4,2,20302,15:00:00,1,349,15
29,20230115,1015,15,5,5,3,30101,11:30:00,1,19.99,11
30,20230115,1015,15,5,5,3,30105,11:30:00,1,24.99,11
31,20230116,1016,16,1,6,3,30203,13:45:00,1,59.99,13
32,20230116,1016,16,1,6,3,30402,13:45:00,1,69.99,13
33,20230117,1017,17,2,7,3,30301,15:00:00,1,14.99,15
34,20230117,1017,17,2,7,3,30305,15:00:00,1,19.99,15
35,20230118,1018,18,3,8,3,30401,10:00:00,1,79.99,10
36,20230118,1018,18,3,8,3,30403,10:00:00,1,29.99,10
37,20230119,1019,19,4,9,4,40401,11:15:00,1,79.99,11
38,20230119,1019,19,4,9,4,40205,11:15:00,1,24.99,11
39,20230120,1020,20,5,10,4,40102,14:30:00,1,499.99,14
40,20230120,1020,20,5,10,4,40302,14:30:00,2,39.98,14
41,20230121,1021,21,1,1,1,10101,09:00:00,1,3.5,9
42,20230121,1021,21,1,1,1,10202,09:00:00,1,3,9
43,20230122,1022,22,2,2,1,10201,10:30:00,1,2.5,10
44,20230122,1022,22,2,2,1,10203,10:30:00,1,4,10
45,20230123,1023,23,3,3,2,20101,12:45:00,1,999,12
46,20230123,1023,23,3,3,2,20301,12:45:00,1,249,12
47,20230124,1024,24,4,4,2,20201,15:00:00,1,999,15
48,20230124,1024,24,4,4,2,20302,15:00:00,1,349,15
49,20230125,1025,25,5,5,3,30101,11:30:00,1,19.99,11
50,20230125,1025,25,5,5,3,30103,11:30:00,1,39.99,11
51,20230126,1026,26,1,6,3,30203,13:45:00,1,59.99,13
52,20230126,1026,26,1,6,3,30204,13:45:00,1,79.99,13
53,20230127,1027,27,2,7,3,30301,15:00:00,1,14.99,15
54,20230127,1027,27,2,7,3,30403,15:00:00,1,29.99,15
55,20230128,1028,28,3,8,3,30401,10:00:00,1,79.99,10
56,20230128,1028,28,3,8,3,30402,10:00:00,1,69.99,10
57,20230129,1029,29,4,9,4,40401,11:15:00,1,79.99,11
58,20230129,1029,29,4,9,4,40205,11:15:00,1,24.99,11
59,20230130,1030,30,5,10,4,40102,14:30:00,1,499.99,14
60,20230130,1030,30,5,10,4,40303,14:30:00,1,39.99,14
61,20230131,1031,31,1,1,1,10101,09:00:00,1,3.5,9
62,20230131,1031,31,1,1,1,10102,09:00:00,1,4,9
63,20230201,1032,32,2,2,1,10201,10:30:00,1,2.5,10
64,20230201,1032,32,2,2,1,10204,10:30:00,1,5,10
65,20230202,1033,33,3,3,2,20101,12:45:00,1,999,12
66,20230202,1033,33,3,3,2,20303,12:45:00,1,19.99,12
67,20230203,1034,34,4,4,2,20201,15:00:00,1,999,15
68,20230203,1034,34,4,4,2,20304,15:00:00,1,29.99,15
69,20230204,1035,35,5,5,3,30101,11:30:00,1,19.99,11
70,20230204,1035,35,5,5,3,30104,11:30:00,1,29.99,11
71,20230205,1036,36,1,6,3,30203,13:45:00,1,59.99,13
72,20230205,1036,36,1,6,3,30205,13:45:00,1,49.99,13
73,20230206,1037,37,2,7,3,30301,15:00:00,1,14.99,15
74,20230206,1037,37,2,7,3,30303,15:00:00,1,19.99,15
75,20230207,1038,38,3,8,3,30401,10:00:00,1,79.99,10
76,20230207,1038,38,3,8,3,30402,10:00:00,1,69.99,10
77,20230208,1039,39,4,9,4,40401,11:15:00,1,79.99,11
78,20230208,1039,39,4,9,4,40206,11:15:00,1,14.99,11
79,20230209,1040,40,5,10,4,40102,14:30:00,1,499.99,14
80,20230209,1040,40,5,10,4,40304,14:30:00,1,59.99,14
81,20230210,1041,41,1,1,1,10101,09:00:00,1,3.5,9
82,20230210,1041,41,1,1,1,10201,09:00:00,1,2.5,9
83,20230210,1041,41,1,1,1,10104,09:00:00,1,2.5,9
84,20230211,1042,42,3,3,2,20101,12:45:00,1,999,12
85,20230211,1042,42,3,3,2,20301,12:45:00,1,249,12
86,20230211,1042,42,3,3,2,20303,12:45:00,1,19.99,12
87,20230212,1043,43,5,5,3,30101,11:30:00,1,19.99,11
88,20230212,1043,43,5,5,3,30102,11:30:00,1,49.99,11
89,20230212,1043,43,5,5,3,30104,11:30:00,1,29.99,11
90,20230213,1044,44,1,6,3,30203,13:45:00,1,59.99,13
91,20230213,1044,44,1,6,3,30402,13:45:00,1,69.99,13
92,20230213,1044,44,1,6,3,30205,13:45:00,1,49.99,13
93,20230214,1045,45,3,8,3,30401,10:00:00,1,79.99,10
94,20230214,1045,45,3,8,3,30402,10:00:00,1,69.99,10
95,20230214,1045,45,3,8,3,30403,10:00:00,1,29.99,10
96,20230215,1046,46,4,9,4,40401,11:15:00,1,79.99,11
97,20230215,1046,46,4,9,4,40205,11:15:00,1,24.99,11
98,20230215,1046,46,4,9,4,40206,11:15:00,1,14.99,11
99,20230216,1047,47,5,10,4,40102,14:30:00,1,499.99,14
100,20230216,1047,47,5,10,4,40104,14:30:00,1,149.99,14
101,20230216,1047,47,5,10,4,40303,14:30:00,1,39.99,14
102,20230217,1048,48,1,1,1,10101,09:00:00,1,3.5,9
103,20230218,1049,49,2,2,1,10201,10:30:00,1,2.5,10
104,20230218,1049,49,2,2,1,10203,10:30:00,1,4,10
105,20230219,1050,50,3,3,2,20101,12:45:00,1,999,12
106,20230219,1050,50,3,3,2,20301,12:45:00,1,249,12
107,20230219,1050,50,3,3,2,20303,12:45:00,1,19.99,12
108,20230220,1051,51,4,4,2,20201,15:00:00,1,999,15
109,20230221,1052,52,5,5,3,30101,11:30:00,1,19.99,11
110,20230221,1052,52,5,5,3,30102,11:30:00,1,49.99,11
111,20230222,1053,53,1,6,3,30203,13:45:00,1,59.99,13
112,20230222,1053,53,1,6,3,30402,13:45:00,1,69.99,13
113,20230222,1053,53,1,6,3,30205,13:45:00,1,49.99,13
114,20230223,1054,54,3,8,3,30401,10:00:00,1,79.99,10
115,20230224,1055,55,4,9,4,40401,11:15:00,1,79.99,11
116,20230224,1055,55,4,9,4,40205,11:15:00,1,24.99,11
117,20230225,1056,56,5,10,4,40102,14:30:00,1,499.99,14
118,20230225,1056,56,5,10,4,40104,14:30:00,1,149.99,14
119,20230225,1056,56,5,10,4,40303,14:30:00,1,39.99,14
120,20230226,1057,57,1,1,1,10101,09:00:00,1,3.5,9
121,20230226,1057,57,1,1,1,10103,09:00:00,1,1.5,9
122,20230227,1058,58,2,2,1,10201,10:30:00,1,2.5,10
123,20230227,1058,58,2,2,1,10104,10:30:00,1,2.5,10
124,20230227,1058,58,2,2,1,10203,10:30:00,1,4,10
125,20230228,1059,59,3,3,2,20101,12:45:00,1,999,12
126,20230301,1060,60,4,4,2,20201,15:00:00,1,999,15
127,20230301,1060,60,4,4,2,20302,15:00:00,1,349,15
128,20230302,1061,61,1,1,1,10101,09:00:00,1,3.5,9
129,20230302,1061,61,1,1,1,10201,09:00:00,1,2.5,9
130,20230302,1061,61,1,1,1,10104,09:00:00,1,2.5,9
131,20230303,1062,62,2,2,1,10201,10:30:00,1,2.5,10
132,20230303,1062,62,2,2,1,10203,10:30:00,1,4,10
133,20230304,1063,63,5,5,3,30101,11:30:00,1,19.99,11
134,20230304,1063,63,5,5,3,30102,11:30:00,1,49.99,11
135,20230305,1064,64,1,1,1,10101,09:00:00,1,3.5,9
136,20230306,1065,65,1,6,3,30203,13:45:00,1,59.99,13
137,20230306,1065,65,1,6,3,30402,13:45:00,1,69.99,13
138,20230307,1066,66,2,2,1,10201,10:30:00,1,2.5,10
139,20230307,1066,66,2,2,1,10104,10:30:00,1,2.5,10
140,20230307,1066,66,2,2,1,10203,10:30:00,1,4,10
141,20230308,1067,67,3,8,3,30401,10:00:00,1,79.99,10
142,20230309,1068,68,1,1,1,10101,09:00:00,1,3.5,9
143,20230309,1068,68,1,1,1,10103,09:00:00,1,1.5,9
144,20230310,1069,69,5,5,3,30101,11:30:00,1,19.99,11
145,20230310,1069,69,5,5,3,30102,11:30:00,1,49.99,11
146,20230310,1069,69,5,5,3,30104,11:30:00,1,29.99,11
147,20230311,1070,70,2,2,1,10201,10:30:00,1,2.5,10
148,20230312,1071,71,1,1,1,10101,09:00:00,1,3.5,9
149,20230312,1071,71,1,1,1,10201,09:00:00,1,2.5,9
150,20230312,1071,71,1,1,1,10104,09:00:00,1,2.5,9
151,20230313,1072,72,1,6,3,30203,13:45:00,1,59.99,13
152,20230313,1072,72,1,6,3,30402,13:45:00,1,69.99,13
153,20230314,1073,73,2,2,1,10201,10:30:00,1,2.5,10
154,20230314,1073,73,2,2,1,10203,10:30:00,1,4,10
155,20230315,1074,74,5,5,3,30101,11:30:00,1,19.99,11
156,20230316,1075,75,1,1,1,10101,09:00:00,1,3.5,9
157,20230316,1075,75,1,1,1,10202,09:00:00,1,3,9
158,20230317,1076,76,1,6,3,30203,13:45:00,1,59.99,13
159,20230317,1076,76,1,6,3,30205,13:45:00,1,49.99,13
160,20230318,1077,77,2,2,1,10201,10:30:00,1,2.5,10
161,20230318,1077,77,2,2,1,10104,10:30:00,1,2.5,10
162,20230318,1077,77,2,2,1,10203,10:30:00,1,4,10
163,20230319,1078,78,3,8,3,30401,10:00:00,1,79.99,10
164,20230320,1079,79,1,1,1,10101,09:00:00,1,3.5,9
165,20230320,1079,79,1,1,1,10103,09:00:00,1,1.5,9
166,20230321,1080,80,5,5,3,30101,11:30:00,1,19.99,11
167,20230321,1080,80,5,5,3,30102,11:30:00,1,49.99,11
168,20230321,1080,80,5,5,3,30104,11:30:00,1,29.99,11
169,20230322,1081,81,1,1,1,10101,09:00:00,1,3.5,9
170,20230322,1081,81,1,1,1,10201,09:00:00,1,2.5,9
171,20230322,1081,81,1,1,1,10104,09:00:00,1,2.5,9
172,20230323,1082,82,1,6,3,30203,13:45:00,1,59.99,13
173,20230323,1082,82,1,6,3,30402,13:45:00,1,69.99,13
174,20230324,1083,83,2,2,1,10201,10:30:00,1,2.5,10
175,20230324,1083,83,2,2,1,10203,10:30:00,1,4,10
176,20230325,1084,84,5,5,3,30101,11:30:00,1,19.99,11
177,20230326,1085,85,1,1,1,10101,09:00:00,1,3.5,9
178,20230326,1085,85,1,1,1,10202,09:00:00,1,3,9
179,20230327,1086,86,1,6,3,30203,13:45:00,1,59.99,13
180,20230327,1086,86,1,6,3,30205,13:45:00,1,49.99,13
181,20230328,1087,87,2,2,1,10201,10:30:00,1,2.5,10
182,20230328,1087,87,2,2,1,10104,10:30:00,1,2.5,10
183,20230328,1087,87,2,2,1,10203,10:30:00,1,4,10
184,20230329,1088,88,3,8,3,30401,10:00:00,1,79.99,10
185,20230330,1089,89,1,1,1,10101,09:00:00,1,3.5,9
186,20230330,1089,89,1,1,1,10103,09:00:00,1,1.5,9
187,20230331,1090,90,5,5,3,30101,11:30:00,1,19.99,11
188,20230331,1090,90,5,5,3,30102,11:30:00,1,49.99,11
189,20230331,1090,90,5,5,3,30104,11:30:00,1,29.99,11
190,20230401,1091,91,1,1,1,10101,09:00:00,1,3.5,9
191,20230401,1091,91,1,1,1,10201,09:00:00,1,2.5,9
192,20230401,1091,91,1,1,1,10104,09:00:00,1,2.5,9
193,20230402,1092,92,1,6,3,30203,13:45:00,1,59.99,13
194,20230402,1092,92,1,6,3,30402,13:45:00,1,69.99,13
195,20230403,1093,93,2,2,1,10201,10:30:00,1,2.5,10
196,20230403,1093,93,2,2,1,10203,10:30:00,1,4,10
197,20230404,1094,94,5,5,3,30101,11:30:00,1,19.99,11
198,20230405,1095,95,1,1,1,10101,09:00:00,1,3.5,9
199,20230405,1095,95,1,1,1,10202,09:00:00,1,3,9
200,20230406,1096,96,1,6,3,30203,13:45:00,1,59.99,13
201,20230406,1096,96,1,6,3,30205,13:45:00,1,49.99,13
202,20230407,1097,97,2,2,1,10201,10:30:00,1,2.5,10
203,20230407,1097,97,2,2,1,10104,10:30:00,1,2.5,10
204,20230407,1097,97,2,2,1,10203,10:30:00,1,4,10
205,20230408,1098,98,3,8,3,30401,10:00:00,1,79.99,10
206,20230409,1099,99,1,1,1,10101,09:00:00,1,3.5,9
207,20230409,1099,99,1,1,1,10103,09:00:00,1,1.5,9
208,20230410,1100,100,5,5,3,30101,11:30:00,1,19.99,11
209,20230410,1100,100,5,5,3,30102,11:30:00,1,49.99,11
210,20230410,1100,100,5,5,3,30104,11:30:00,1,29.99,11
211,20230411,1101,101,1,1,1,10101,09:00:00,1,3.5,9
212,20230411,1101,101,1,1,1,10201,09:00:00,1,2.5,9
213,20230411,1101,101,1,1,1,10104,09:00:00,1,2.5,9
214,20230412,1102,102,1,6,3,30203,13:45:00,1,59.99,13
215,20230412,1102,102,1,6,3,30402,13:45:00,1,69.99,13
216,20230413,1103,103,2,2,1,10201,10:30:00,1,2.5,10
217,20230413,1103,103,2,2,1,10203,10:30:00,1,4,10
218,20230414,1104,104,5,5,3,30101,11:30:00,1,19.99,11
219,20230415,1105,105,1,1,1,10101,09:00:00,1,3.5,9
220,20230415,1105,105,1,1,1,10202,09:00:00,1,3,9
221,20230416,1106,106,1,6,3,30203,13:45:00,1,59.99,13
222,20230416,1106,106,1,6,3,30205,13:45:00,1,49.99,13
223,20230417,1107,107,2,2,1,10201,10:30:00,1,2.5,10
224,20230417,1107,107,2,2,1,10104,10:30:00,1,2.5,10
225,20230417,1107,107,2,2,1,10203,10:30:00,1,4,10
226,20230418,1108,108,3,8,3,30401,10:00:00,1,79.99,10
227,20230419,1109,109,1,1,1,10101,09:00:00,1,3.5,9
228,20230419,1109,109,1,1,1,10103,09:00:00,1,1.5,9
229,20230420,1110,110,5,5,3,30101,11:30:00,1,19.99,11
230,20230420,1110,110,5,5,3,30102,11:30:00,1,49.99,11
231,20230420,1110,110,5,5,3,30104,11:30:00,1,29.99,11
232,20230421,1111,111,1,1,1,10101,09:00:00,1,3.5,9
233,20230421,1111,111,1,1,1,10201,09:00:00,1,2.5,9
234,20230421,1111,111,1,1,1,10104,09:00:00,1,2.5,9
235,20230422,1112,112,1,6,3,30203,13:45:00,1,59.99,13
236,20230422,1112,112,1,6,3,30402,13:45:00,1,69.99,13
237,20230423,1113,113,2,2,1,10201,10:30:00,1,2.5,10
238,20230423,1113,113,2,2,1,10203,10:30:00,1,4,10
239,20230424,1114,114,5,5,3,30101,11:30:00,1,19.99,11
240,20230425,1115,115,1,1,1,10101,09:00:00,1,3.5,9
241,20230425,1115,115,1,1,1,10202,09:00:00,1,3,9
242,20230426,1116,116,1,6,3,30203,13:45:00,1,59.99,13
243,20230426,1116,116,1,6,3,30205,13:45:00,1,49.99,13
244,20230427,1117,117,2,2,1,10201,10:30:00,1,2.5,10
245,20230427,1117,117,2,2,1,10104,10:30:00,1,2.5,10
246,20230427,1117,117,2,2,1,10203,10:30:00,1,4,10
247,20230428,1118,118,3,8,3,30401,10:00:00,1,79.99,10
248,20230429,1119,119,1,1,1,10101,09:00:00,1,3.5,9
249,20230429,1119,119,1,1,1,10103,09:00:00,1,1.5,9
250,20230430,1120,120,5,5,3,30101,11:30:00,1,19.99,11
251,20230430,1120,120,5,5,3,30102,11:30:00,1,49.99,11
252,20230430,1120,120,5,5,3,30104,11:30:00,1,29.99,11
253,20230501,1121,121,1,1,1,10101,09:00:00,1,3.5,9
254,20230501,1121,121,1,1,1,10201,09:00:00,1,2.5,9
255,20230501,1121,121,1,1,1,10104,09:00:00,1,2.5,9
256,20230502,1122,122,1,6,3,30203,13:45:00,1,59.99,13
257,20230502,1122,122,1,6,3,30402,13:45:00,1,69.99,13
258,20230503,1123,123,2,2,1,10201,10:30:00,1,2.5,10
259,20230503,1123,123,2,2,1,10203,10:30:00,1,4,10
260,20230504,1124,124,5,5,3,30101,11:30:00,1,19.99,11
261,20230505,1125,125,1,1,1,10101,09:00:00,1,3.5,9
262,20230505,1125,125,1,1,1,10202,09:00:00,1,3,9
263,20230506,1126,126,1,6,3,30203,13:45:00,1,59.99,13
264,20230506,1126,126,1,6,3,30205,13:45:00,1,49.99,13
265,20230507,1127,127,2,2,1,10201,10:30:00,1,2.5,10
266,20230507,1127,127,2,2,1,10104,10:30:00,1,2.5,10
267,20230507,1127,127,2,2,1,10203,10:30:00,1,4,10
268,20230508,1128,128,3,8,3,30401,10:00:00,1,79.99,10
269,20230509,1129,129,1,1,1,10101,09:00:00,1,3.5,9
270,20230509,1129,129,1,1,1,10103,09:00:00,1,1.5,9
271,20230510,1130,130,5,5,3,30101,11:30:00,1,19.99,11
272,20230510,1130,130,5,5,3,30102,11:30:00,1,49.99,11
273,20230510,1130,130,5,5,3,30104,11:30:00,1,29.99,11
274,20230511,1131,131,1,1,1,10101,09:00:00,1,3.5,9
275,20230511,1131,131,1,1,1,10201,09:00:00,1,2.5,9
276,20230511,1131,131,1,1,1,10104,09:00:00,1,2.5,9
277,20230512,1132,132,1,6,3,30203,13:45:00,1,59.99,13
278,20230512,1132,132,1,6,3,30402,13:45:00,1,69.99,13
279,20230513,1133,133,2,2,1,10201,10:30:00,1,2.5,10
280,20230513,1133,133,2,2,1,10203,10:30:00,1,4,10
281,20230514,1134,134,5,5,3,30101,11:30:00,1,19.99,11
282,20230515,1135,135,1,1,1,10101,09:00:00,1,3.5,9
283,20230515,1135,135,1,1,1,10202,09:00:00,1,3,9
284,20230516,1136,136,1,6,3,30203,13:45:00,1,59.99,13
285,20230516,1136,136,1,6,3,30205,13:45:00,1,49.99,13
286,20230517,1137,137,2,2,1,10201,10:30:00,1,2.5,10
287,20230517,1137,137,2,2,1,10104,10:30:00,1,2.5,10
288,20230517,1137,137,2,2,1,10203,10:30:00,1,4,10
289,20230518,1138,138,3,8,3,30401,10:00:00,1,79.99,10
290,20230519,1139,139,1,1,1,10101,09:00:00,1,3.5,9
291,20230519,1139,139,1,1,1,10103,09:00:00,1,1.5,9
292,20230520,1140,140,5,5,3,30101,11:30:00,1,19.99,11
293,20230520,1140,140,5,5,3,30102,11:30:00,1,49.99,11
294,20230520,1140,140,5,5,3,30104,11:30:00,1,29.99,11
295,20230521,1141,141,1,1,1,10101,09:00:00,1,3.5,9
296,20230521,1141,141,1,1,1,10201,09:00:00,1,2.5,9
297,20230521,1141,141,1,1,1,10104,09:00:00,1,2.5,9
298,20230522,1142,142,1,6,3,30203,13:45:00,1,59.99,13
299,20230522,1142,142,1,6,3,30402,13:45:00,1,69.99,13
300,20230523,1143,143,2,2,1,10201,10:30:00,1,2.5,10
301,20230523,1143,143,2,2,1,10203,10:30:00,1,4,10
302,20230524,1144,144,5,5,3,30101,11:30:00,1,19.99,11
303,20230525,1145,145,1,1,1,10101,09:00:00,1,3.5,9
304,20230525,1145,145,1,1,1,10202,09:00:00,1,3,9
305,20230526,1146,146,1,6,3,30203,13:45:00,1,59.99,13
306,20230526,1146,146,1,6,3,30205,13:45:00,1,49.99,13
307,20230527,1147,147,2,2,1,10201,10:30:00,1,2.5,10
308,20230527,1147,147,2,2,1,10104,10:30:00,1,2.5,10
309,20230527,1147,147,2,2,1,10203,10:30:00,1,4,10
310,20230528,1148,148,3,8,3,30401,10:00:00,1,79.99,10
311,20230529,1149,149,1,1,1,10101,09:00:00,1,3.5,9
312,20230529,1149,149,1,1,1,10103,09:00:00,1,1.5,9
313,20230530,1150,150,5,5,3,30101,11:30:00,1,19.99,11
314,20230530,1150,150,5,5,3,30102,11:30:00,1,49.99,11
315,20230530,1150,150,5,5,3,30104,11:30:00,1,29.99,11
316,20230531,1151,151,1,1,1,10101,09:00:00,1,3.5,9
317,20230531,1151,151,1,1,1,10201,09:00:00,1,2.5,9
318,20230531,1151,151,1,1,1,10104,09:00:00,1,2.5,9
319,20230601,1152,152,1,6,3,30203,13:45:00,1,59.99,13
320,20230601,1152,152,1,6,3,30402,13:45:00,1,69.99,13
321,20230602,1153,153,2,2,1,10201,10:30:00,1,2.5,10
322,20230602,1153,153,2,2,1,10203,10:30:00,1,4,10
323,20230603,1154,154,5,5,3,30101,11:30:00,1,19.99,11
324,20230604,1155,155,1,1,1,10101,09:00:00,1,3.5,9
325,20230604,1155,155,1,1,1,10202,09:00:00,1,3,9
326,20230605,1156,156,1,6,3,30203,13:45:00,1,59.99,13
327,20230605,1156,156,1,6,3,30205,13:45:00,1,49.99,13
328,20230606,1157,157,2,2,1,10201,10:30:00,1,2.5,10
329,20230606,1157,157,2,2,1,10104,10:30:00,1,2.5,10
330,20230606,1157,157,2,2,1,10203,10:30:00,1,4,10
331,20230607,1158,158,3,8,3,30401,10:00:00,1,79.99,10
332,20230608,1159,159,1,1,1,10101,09:00:00,1,3.5,9
333,20230608,1159,159,1,1,1,10103,09:00:00,1,1.5,9
334,20230609,1160,160,5,5,3,30101,11:30:00,1,19.99,11
335,20230609,1160,160,5,5,3,30102,11:30:00,1,49.99,11
336,20230609,1160,160,5,5,3,30104,11:30:00,1,29.99,11
337,20230610,1161,161,1,1,1,10101,09:00:00,1,3.5,9
338,20230610,1161,161,1,1,1,10201,09:00:00,1,2.5,9
339,20230610,1161,161,1,1,1,10104,09:00:00,1,2.5,9
340,20230611,1162,162,1,6,3,30203,13:45:00,1,59.99,13
341,20230611,1162,162,1,6,3,30402,13:45:00,1,69.99,13
342,20230612,1163,163,2,2,1,10201,10:30:00,1,2.5,10
343,20230612,1163,163,2,2,1,10203,10:30:00,1,4,10
344,20230613,1164,164,5,5,3,30101,11:30:00,1,19.99,11
345,20230614,1165,165,1,1,1,10101,09:00:00,1,3.5,9
346,20230614,1165,165,1,1,1,10202,09:00:00,1,3,9
347,20230615,1166,166,1,6,3,30203,13:45:00,1,59.99,13
348,20230615,1166,166,1,6,3,30205,13:45:00,1,49.99,13
349,20230616,1167,167,2,2,1,10201,10:30:00,1,2.5,10
350,20230616,1167,167,2,2,1,10104,10:30:00,1,2.5,10
351,20230616,1167,167,2,2,1,10203,10:30:00,1,4,10
352,20230617,1168,168,3,8,3,30401,10:00:00,1,79.99,10
353,20230618,1169,169,1,1,1,10101,09:00:00,1,3.5,9
354,20230618,1169,169,1,1,1,10103,09:00:00,1,1.5,9
355,20230618,1170,170,1,1,1,10101,09:05:00,1,3.5,9
356,20230618,1170,170,1,1,1,10102,09:05:00,1,4,9
357,20230618,1171,171,2,2,2,20101,09:10:00,1,999,9
358,20230618,1171,171,2,2,2,20102,09:10:00,1,899,9
359,20230618,1172,172,3,3,3,30101,09:15:00,1,19.99,9
360,20230618,1172,172,3,3,3,30102,09:15:00,1,49.99,9
361,20230618,1173,173,4,4,4,40101,09:20:00,1,299.99,9
362,20230618,1173,173,4,4,4,40102,09:20:00,1,499.99,9
363,20230618,1174,174,5,5,5,50101,09:25:00,1,19.99,9
364,20230618,1174,174,5,5,5,50102,09:25:00,1,29.99,9
365,20230618,1175,175,1,6,6,60101,09:30:00,1,9.99,9
366,20230618,1175,175,1,6,6,60102,09:30:00,1,14.99,9
367,20230618,1176,176,2,7,7,70101,09:35:00,1,19.99,9
368,20230618,1176,176,2,7,7,70102,09:35:00,1,24.99,9
369,20230618,1177,177,3,8,8,80101,09:40:00,1,14.99,9
370,20230618,1177,177,3,8,8,80102,09:40:00,1,24.99,9
371,20230618,1178,178,4,9,9,90101,09:45:00,1,79.99,9
372,20230618,1178,178,4,9,9,90102,09:45:00,1,89.99,9
373,20230618,1179,179,5,10,1,10104,09:50:00,1,2.5,9
374,20230618,1179,179,5,10,1,10105,09:50:00,1,3,9
375,20230618,1180,180,1,11,2,20103,09:55:00,1,799,9
376,20230618,1180,180,1,11,2,20104,09:55:00,1,899,9
377,20230618,1181,181,1,12,2,20105,10:00:00,1,499,10
378,20230618,1181,181,1,12,2,20106,10:00:00,1,599,10
379,20230618,1182,182,2,13,1,10101,10:15:00,2,9.98,10
380,20230618,1183,183,3,14,3,30101,10:30:00,1,29.99,10
381,20230618,1183,183,3,14,3,30102,10:30:00,1,39.99,10
382,20230618,1183,183,3,14,3,30103,10:30:00,1,19.99,10
383,20230618,1184,184,4,15,4,40101,10:45:00,1,49.99,10
384,20230618,1185,185,5,16,1,10102,11:00:00,3,14.97,11
385,20230618,1185,185,5,16,1,10103,11:00:00,2,7.98,11
386,20230618,1186,186,6,17,1,10104,11:15:00,2,5.98,11
387,20230618,1187,187,7,18,3,30104,11:30:00,1,24.99,11
388,20230618,1187,187,7,18,3,30105,11:30:00,1,34.99,11
389,20230618,1188,188,8,19,4,40102,11:45:00,1,59.99,11
390,20230618,1189,189,9,20,1,10105,12:00:00,4,19.96,12
391,20230618,1189,189,9,20,1,10106,12:00:00,2,7.98,12
392,20230618,1189,189,9,20,1,10107,12:00:00,1,3.99,12
393,20230618,1190,190,10,11,2,20108,12:15:00,1,899,12
394,20230618,1191,191,1,12,3,30106,12:30:00,1,29.99,12
395,20230618,1191,191,1,12,3,30107,12:30:00,1,39.99,12
396,20230618,1192,192,2,13,1,10108,12:45:00,3,11.97,12
397,20230618,1193,193,3,14,4,40103,13:00:00,1,69.99,13
398,20230618,1194,194,4,15,2,20109,13:15:00,1,799,13
399,20230618,1194,194,4,15,2,20110,13:15:00,1,999,13
400,20230618,1195,195,5,16,1,10109,13:30:00,2,7.98,13
401,20230618,1196,196,6,17,3,30108,13:45:00,1,19.99,13
402,20230618,1197,197,7,18,1,10110,14:00:00,3,14.97,14
403,20230618,1197,197,7,18,1,10111,14:00:00,2,9.98,14
404,20230618,1198,198,8,19,4,40104,14:15:00,1,79.99,14
405,20230618,1199,199,9,20,2,20111,14:30:00,1,699,14
406,20230618,1199,199,9,20,2,20112,14:30:00,1,899,14
407,20230618,1199,199,9,20,2,20113,14:30:00,1,599,14
408,20230618,1200,200,10,11,1,10112,14:45:00,2,7.98,14
409,20230618,1201,101,1,12,3,30109,15:00:00,1,29.99,15
410,20230618,1201,101,1,12,3,30110,15:00:00,1,39.99,15
411,20230618,1202,102,2,13,4,40105,15:15:00,1,89.99,15
412,20230618,1203,103,3,14,1,10113,15:30:00,3,11.97,15
413,20230618,1204,104,4,15,2,20114,15:45:00,1,799,15
414,20230618,1204,104,4,15,2,20115,15:45:00,1,999,15
415,20230618,1205,105,5,16,3,30111,16:00:00,1,24.99,16
416,20230618,1206,106,6,17,1,10114,16:15:00,2,7.98,16
417,20230618,1207,107,7,18,3,30112,16:30:00,1,29.99,16
418,20230618,1207,107,7,18,3,30113,16:30:00,1,39.99,16
419,20230618,1208,108,8,19,4,40106,16:45:00,1,99.99,16
420,20230618,1209,109,9,20,2,20116,17:00:00,1,699,17
421,20230618,1209,109,9,20,2,20117,17:00:00,1,899,17
422,20230618,1209,109,9,20,2,20118,17:00:00,1,599,17
423,20230618,1210,110,10,11,1,10115,17:15:00,2,7.98,17
424,20230618,1211,111,1,12,3,30114,17:30:00,1,29.99,17
425,20230618,1211,111,1,12,3,30115,17:30:00,1,39.99,17
426,20230618,1212,112,2,13,4,40107,17:45:00,1,109.99,17
427,20230618,1213,113,3,14,1,10116,18:00:00,3,11.97,18
428,20230618,1214,114,4,15,2,20119,18:15:00,1,799,18
429,20230618,1214,114,4,15,2,20120,18:15:00,1,999,18
430,20230618,1215,115,5,16,3,30116,18:30:00,1,24.99,18
431,20230618,1216,116,6,17,1,10117,18:45:00,2,7.98,18
432,20230618,1217,117,7,18,3,30117,19:00:00,1,29.99,19
433,20230618,1217,117,7,18,3,30118,19:00:00,1,39.99,19
434,20230618,1218,118,8,19,4,40108,19:15:00,1,119.99,19
435,20230618,1219,123,9,20,2,20121,19:30:00,1,699,19
436,20230618,1219,123,9,20,2,20122,19:30:00,1,899,19
437,20230618,1219,123,9,20,2,20123,19:30:00,1,599,19
438,20230618,1220,45,10,11,1,10118,19:45:00,2,7.98,19
439,20230618,1221,87,1,12,3,30119,20:00:00,1,29.99,20
440,20230618,1221,87,1,12,3,30120,20:00:00,1,39.99,20
441,20230618,1222,156,2,13,4,40109,20:15:00,1,129.99,20
442,20230618,1223,34,3,14,1,10119,20:30:00,3,11.97,20
443,20230618,1224,189,4,15,2,20124,20:45:00,1,799,20
444,20230618,1224,189,4,15,2,20125,20:45:00,1,999,20
445,20230618,1225,72,5,16,3,30121,21:00:00,1,24.99,21
446,20230618,1226,101,6,17,1,10120,21:15:00,2,7.98,21
447,20230618,1227,142,7,18,3,30122,21:30:00,1,29.99,21
448,20230618,1227,142,7,18,3,30123,21:30:00,1,39.99,21
449,20230618,1228,199,8,19,4,40110,21:45:00,1,139.99,21
450,20230618,1229,56,9,20,2,20126,22:00:00,1,699,22
451,20230618,1229,56,9,20,2,20127,22:00:00,1,899,22
452,20230618,1229,56,9,20,2,20128,22:00:00,1,599,22
453,20230618,1230,178,10,11,1,10121,22:15:00,2,7.98,22
454,20230618,1231,23,1,12,3,30124,22:30:00,1,29.99,22
455,20230618,1231,23,1,12,3,30125,22:30:00,1,39.99,22
456,20230618,1232,145,2,13,4,40111,22:45:00,1,149.99,22
457,20230618,1233,67,3,14,1,10122,23:00:00,3,11.97,23
458,20230618,1234,198,4,15,2,20129,23:15:00,1,799,23
459,20230618,1234,198,4,15,2,20130,23:15:00,1,999,23
460,20230618,1235,112,5,16,3,30126,23:30:00,1,24.99,23
461,20230618,1236,89,6,17,1,10123,23:45:00,2,7.98,23
462,20230618,1237,134,7,18,3,30127,00:00:00,1,29.99,0
463,20230618,1237,134,7,18,3,30128,00:00:00,1,39.99,0
464,20230618,1238,176,8,19,4,40112,00:15:00,1,159.99,0
465,20230618,1239,45,9,20,2,20131,00:30:00,1,699,0
466,20230618,1239,45,9,20,2,20132,00:30:00,1,899,0
467,20230618,1239,45,9,20,2,20133,00:30:00,1,599,0
468,20230618,1240,99,10,11,1,10124,00:45:00,2,7.98,0
469,20230618,1241,123,1,12,3,30129,01:00:00,1,29.99,1
470,20230618,1241,123,1,12,3,30130,01:00:00,1,39.99,1
471,20230618,1242,56,2,13,4,40113,01:15:00,1,169.99,1
472,20230618,1243,178,3,14,1,10125,01:30:00,3,11.97,1
473,20230618,1244,34,4,15,2,20134,01:45:00,1,799,1
474,20230618,1244,34,4,15,2,20135,01:45:00,1,999,1
475,20230618,1245,189,5,16,3,30131,02:00:00,1,24.99,2
476,20230619,1246,72,6,17,1,10126,02:15:00,2,7.98,2
477,20230619,1247,101,7,18,3,30132,02:30:00,1,29.99,2
478,20230619,1247,101,7,18,3,30133,02:30:00,1,39.99,2
479,20230619,1248,142,8,19,4,40114,02:45:00,1,179.99,2
480,20230619,1249,199,9,20,2,20136,03:00:00,1,699,3
481,20230619,1249,199,9,20,2,20137,03:00:00,1,899,3
482,20230619,1249,199,9,20,2,20138,03:00:00,1,599,3
483,20230619,1250,56,10,11,1,10127,03:15:00,2,7.98,3
484,20230619,1251,178,1,12,3,30134,03:30:00,1,29.99,3
485,20230619,1251,178,1,12,3,30135,03:30:00,1,39.99,3
486,20230619,1252,23,2,13,4,40115,03:45:00,1,189.99,3
487,20230619,1253,145,3,14,1,10128,04:00:00,3,11.97,4
488,20230619,1254,67,4,15,2,20139,04:15:00,1,799,4
489,20230619,1254,67,4,15,2,20140,04:15:00,1,999,4
490,20230619,1255,198,5,16,3,30136,04:30:00,1,24.99,4
491,20230619,1256,112,6,17,1,10129,04:45:00,2,7.98,4
492,20230619,1257,89,7,18,3,30137,05:00:00,1,29.99,5
493,20230619,1257,89,7,18,3,30138,05:00:00,1,39.99,5
494,20230619,1258,134,8,19,4,40116,05:15:00,1,199.99,5
495,20230619,1259,176,9,20,2,20141,05:30:00,1,699,5
496,20230619,1259,176,9,20,2,20142,05:30:00,1,899,5
497,20230619,1259,176,9,20,2,20143,05:30:00,1,599,5
498,20230619,1260,45,10,11,1,10130,05:45:00,2,7.98,5
499,20230619,1261,99,1,12,3,30139,06:00:00,1,29.99,6
500,20230619,1261,99,1,12,3,30140,06:00:00,1,39.99,6
501,20230619,1262,123,2,13,4,40117,06:15:00,1,209.99,6
502,20230619,1263,56,3,14,1,10131,06:30:00,3,11.97,6
503,20230619,1264,178,4,15,2,20144,06:45:00,1,799,6
504,20230619,1264,178,4,15,2,20145,06:45:00,1,999,6
505,20230619,1265,34,5,16,3,30141,07:00:00,1,24.99,7
506,20230619,1266,189,6,17,1,10132,07:15:00,2,7.98,7
507,20230619,1267,72,7,18,3,30142,07:30:00,1,29.99,7
508,20230619,1267,72,7,18,3,30143,07:30:00,1,39.99,7
509,20230619,1268,101,8,19,4,40118,07:45:00,1,219.99,7
510,20230619,1269,142,9,20,2,20146,08:00:00,1,699,8
511,20230619,1269,142,9,20,2,20147,08:00:00,1,899,8
512,20230619,1269,142,9,20,2,20148,08:00:00,1,599,8
513,20230619,1270,199,10,11,1,10133,08:15:00,2,7.98,8
514,20230619,1271,56,1,12,3,30144,08:30:00,1,29.99,8
515,20230619,1271,56,1,12,3,30145,08:30:00,1,39.99,8
516,20230619,1272,178,2,13,4,40119,08:45:00,1,229.99,8
517,20230619,1273,23,3,14,1,10134,09:00:00,3,11.97,9
518,20230619,1274,145,4,15,2,20149,09:15:00,1,799,9
519,20230619,1274,145,4,15,2,20150,09:15:00,1,999,9
520,20230619,1275,67,5,16,3,30146,09:30:00,1,24.99,9
521,20230619,1276,198,6,17,1,10135,09:45:00,2,7.98,9
522,20230619,1277,112,7,18,3,30147,10:00:00,1,29.99,10
523,20230619,1277,112,7,18,3,30148,10:00:00,1,39.99,10
524,20230619,1278,89,8,19,4,40120,10:15:00,1,239.99,10
525,20230619,1279,134,9,20,2,20151,10:30:00,1,699,10
526,20230619,1279,134,9,20,2,20152,10:30:00,1,899,10
527,20230619,1279,134,9,20,2,20153,10:30:00,1,599,10
528,20230619,1280,176,10,11,1,10136,10:45:00,2,7.98,10
529,20230619,1281,45,1,12,3,30149,11:00:00,1,29.99,11
530,20230619,1281,45,1,12,3,30150,11:00:00,1,39.99,11
531,20230619,1282,99,2,13,4,40121,11:15:00,1,249.99,11
532,20230619,1283,123,3,14,1,10137,11:30:00,3,11.97,11
533,20230619,1284,56,4,15,2,20154,11:45:00,1,799,11
534,20230619,1284,56,4,15,2,20155,11:45:00,1,999,11
535,20230619,1285,178,5,16,3,30151,12:00:00,1,24.99,12
536,20230619,1286,23,6,17,1,10138,12:15:00,2,7.98,12
537,20230619,1287,145,7,18,3,30152,12:30:00,1,29.99,12
538,20230619,1287,145,7,18,3,30153,12:30:00,1,39.99,12
539,20230619,1288,67,8,19,4,40122,12:45:00,1,259.99,12
540,20230619,1289,198,9,20,2,20156,13:00:00,1,699,13
541,20230619,1289,198,9,20,2,20157,13:00:00,1,899,13
542,20230619,1289,198,9,20,2,20158,13:00:00,1,599,13
543,20230619,1290,112,10,11,1,10139,13:15:00,2,7.98,13
544,20230619,1291,89,1,12,3,30154,13:30:00,1,29.99,13
545,20230619,1291,89,1,12,3,30155,13:30:00,1,39.99,13
546,20230619,1292,134,2,13,4,40123,13:45:00,1,269.99,13
547,20230619,1293,176,3,14,1,10140,14:00:00,3,11.97,14
548,20230619,1294,45,4,15,2,20159,14:15:00,1,799,14
549,20230619,1294,45,4,15,2,20160,14:15:00,1,999,14
550,20230619,1295,99,5,16,3,30156,14:30:00,1,24.99,14
